"id","data","input_len","labels","output_type","raw_predictions","filtered_predictions","llm_score"
"0","m","1","['move toilet paper roll from center to outside target', 'move toilet paper roll from outside target back to center', 'move toilet paper roll from center to outside target', 'move toilet paper roll from outside target back to center', 'move toilet paper roll from center to outside target', 'move toilet paper roll from outside target back to center', 'move toilet paper roll from center to outside target', 'move toilet paper roll from outside target back to center', 'move toilet paper roll from center to outside target', 'move toilet paper roll from outside target back to center', 'move toilet paper roll from center to outside target', 'move toilet paper roll from outside target back to center', 'move toilet paper roll from center to outside target', 'move toilet paper roll from outside target back to center', 'move toilet paper roll from center to outside target', 'move toilet paper roll from outside target back to center']","generate_until","[""The patient performs a series of movements with their right hand, guided by the therapist. They move the blue cylinder back and forth across the mat, following a specific path marked by circular targets. The patient's movements are deliberate and controlled, indicating a focus on precision and coordination.""]","The patient performs a series of movements with their right hand, guided by the therapist. They move the blue cylinder back and forth across the mat, following a specific path marked by circular targets. The patient's movements are deliberate and controlled, indicating a focus on precision and coordination.","85"
"1","m","1","['move toilet paper roll from center to outside target', 'move toilet paper roll from outside target back to center', 'move toilet paper roll from center to outside target', 'move toilet paper roll from outside target back to center', 'move toilet paper roll from center to outside target', 'move toilet paper roll from outside target back to center', 'move toilet paper roll from center to outside target', 'move toilet paper roll from outside target back to center', 'move toilet paper roll from center to outside target', 'move toilet paper roll from outside target back to center', 'move toilet paper roll from center to outside target', 'move toilet paper roll from outside target back to center', 'move toilet paper roll from center to outside target', 'move toilet paper roll from outside target back to center', 'move toilet paper roll from center to outside target', 'move toilet paper roll from outside target back to center']","generate_until","[""The patient performs a series of movements with their right hand, guided by the therapist. They lift and rotate the blue cylinder, place it back on the table, and repeat the process. The patient also moves their hand in a circular motion, following the therapist's instructions.""]","The patient performs a series of movements with their right hand, guided by the therapist. They lift and rotate the blue cylinder, place it back on the table, and repeat the process. The patient also moves their hand in a circular motion, following the therapist's instructions.","85"
"2","m","1","['wet toothbrush', 'apply toothpaste to toothbrush', 'replace cap on toothpaste tube', 'brush teeth', 'rinse toothbrush and mouth', 'place toothbrush back on countertop']","generate_until","['The patient is seen washing their hands, applying hand sanitizer, and then brushing their teeth.']","The patient is seen washing their hands, applying hand sanitizer, and then brushing their teeth.","20"
"3","m","1","['pick up comb', 'comb both sides of head']","generate_until","['The patient performs a series of arm and hand movements, including placing their hands on the table, raising one arm, and touching their head.']","The patient performs a series of arm and hand movements, including placing their hands on the table, raising one arm, and touching their head.","35"
"4","m","1","['remove deodorant cap', 'twist deodorant base a few times', 'apply deodorant', 'replace deodarant cap', 'untwist the deodorant base', 'put deodorant on table']","generate_until","['The patient performs a series of exercises, moving their arms in various directions and positions.']","The patient performs a series of exercises, moving their arms in various directions and positions.","10"
"5","m","1","['open water bottle', 'pour water into cup', 'take a sip of water', 'place cup on table', 'replace cap on bottle']","generate_until","['The patient reaches for a water bottle, opens it, pours water into a cup, and drinks from the cup.']","The patient reaches for a water bottle, opens it, pours water into a cup, and drinks from the cup.","85"
"6","m","1","['fill tub with water', 'dip washcloth on the right side into water', 'wring the washcloth', 'wipe each side of face with wet washcloth', 'place first washcloth back on countertop', 'use washcloth on the left side to dry face', 'place second washcloth back on countertop']","generate_until","['The patient turns on the faucet, wets a towel, and then uses it to wipe their face.']","The patient turns on the faucet, wets a towel, and then uses it to wipe their face.","20"
"7","m","1","['remove bread from plastic bag', 'put the bread on plate', 'open margarine pack', 'spread margarine on bread', 'cut bread into four pieces', 'cut off some bread', 'eat a small bite-sized piece of bread']","generate_until","['The patient, wearing a purple shirt and a black wrist brace, is seated at a table with a white plate, a knife, and a small container. They open the container, take out a substance, and spread it onto a slice of bread using the knife.']","The patient, wearing a purple shirt and a black wrist brace, is seated at a table with a white plate, a knife, and a small container. They open the container, take out a substance, and spread it onto a slice of bread using the knife.","85"
"8","m","1","['wear glasses', 'return hands to table', 'remove glasses', 'place glasses on table']","generate_until","['The patient performs a series of movements with their hands and arms, including placing their hands flat on the table, lifting and moving their hands, and manipulating an object.']","The patient performs a series of movements with their hands and arms, including placing their hands flat on the table, lifting and moving their hands, and manipulating an object.","25"
"9","m","1","['move toilet paper roll from center target to shelf target', 'move toilet paper roll from shelf target back to center', 'move toilet paper roll from center target to shelf target', 'move toilet paper roll from shelf target back to center', 'move toilet paper roll from center target to shelf target', 'move toilet paper roll from shelf target back to center', 'move toilet paper roll from center target to shelf target', 'move toilet paper roll from shelf target back to center', 'move toilet paper roll from center target to shelf target', 'move toilet paper roll from shelf target back to center', 'move toilet paper roll from center target to shelf target', 'move toilet paper roll from shelf target back to center']","generate_until","['The patient performs a series of movements with their right arm, lifting the cup and moving it in different directions.']","The patient performs a series of movements with their right arm, lifting the cup and moving it in different directions.","20"
"10","m","1","['move toilet paper roll from center to outside target', 'move toilet paper roll from outside target back to center', 'move toilet paper roll from center to outside target', 'move toilet paper roll from outside target back to center', 'move toilet paper roll from center to outside target', 'move toilet paper roll from outside target back to center', 'move toilet paper roll from center to outside target', 'move toilet paper roll from outside target back to center', 'move toilet paper roll from center to outside target', 'move toilet paper roll from outside target back to center', 'move toilet paper roll from center to outside target', 'move toilet paper roll from outside target back to center', 'move toilet paper roll from center to outside target', 'move toilet paper roll from outside target back to center', 'move toilet paper roll from center to outside target', 'move toilet paper roll from outside target back to center']","generate_until","['The patient performs a series of movements with their right hand, including lifting and rotating the blue cylinder, while keeping their left hand stationary.']","The patient performs a series of movements with their right hand, including lifting and rotating the blue cylinder, while keeping their left hand stationary.","85"
"11","m","1","['move toilet paper roll from center to outside target', 'move toilet paper roll from outside target back to center', 'move toilet paper roll from center to outside target', 'move toilet paper roll from outside target back to center', 'move toilet paper roll from center to outside target', 'move toilet paper roll from outside target back to center', 'move toilet paper roll from center to outside target', 'move toilet paper roll from outside target back to center', 'move toilet paper roll from center to outside target', 'move toilet paper roll from outside target back to center', 'move toilet paper roll from center to outside target', 'move toilet paper roll from outside target back to center', 'move toilet paper roll from center to outside target', 'move toilet paper roll from outside target back to center', 'move toilet paper roll from center to outside target', 'move toilet paper roll from outside target back to center']","generate_until","['The patient performs a series of movements with their right hand, including lifting and placing the blue cylinder on different circles on the mat.']","The patient performs a series of movements with their right hand, including lifting and placing the blue cylinder on different circles on the mat.","85"
"12","m","1","['wet toothbrush', 'apply toothpaste to toothbrush', 'replace cap on toothpaste tube', 'brush teeth', 'rinse toothbrush and mouth', 'place toothbrush back on countertop']","generate_until","['The patient takes a pill, drinks water from a cup, and then eats a snack.']","The patient takes a pill, drinks water from a cup, and then eats a snack.","0"
"13","m","1","['pick up comb', 'comb both sides of head']","generate_until","[""The patient performs a series of movements with their right arm, guided by the therapist. They start with their arm resting on the table, then lift it up and move it in a circular motion, repeating this action several times. The patient also moves their arm back and forth, following the therapist's instructions.""]","The patient performs a series of movements with their right arm, guided by the therapist. They start with their arm resting on the table, then lift it up and move it in a circular motion, repeating this action several times. The patient also moves their arm back and forth, following the therapist's instructions.","25"
"14","m","1","['remove deodorant cap', 'twist deodorant base a few times', 'apply deodorant', 'replace deodarant cap', 'untwist the deodorant base', 'put deodorant on table']","generate_until","[""The patient performs a series of movements with their right arm, guided by the therapist. They start with their arm resting on the table, then lift and move the arm in various directions, including forward, backward, and to the side. The patient repeats these movements several times, following the therapist's instructions.""]","The patient performs a series of movements with their right arm, guided by the therapist. They start with their arm resting on the table, then lift and move the arm in various directions, including forward, backward, and to the side. The patient repeats these movements several times, following the therapist's instructions.","10"
"15","m","1","['open water bottle', 'pour water into cup', 'take a sip of water', 'place cup on table', 'replace cap on bottle']","generate_until","['The patient, wearing a black polo shirt and a wrist brace on their right hand, is seated at a table with a disposable cup and a water bottle. They perform a series of movements, including picking up the water bottle, pouring water into the cup, and drinking from it.']","The patient, wearing a black polo shirt and a wrist brace on their right hand, is seated at a table with a disposable cup and a water bottle. They perform a series of movements, including picking up the water bottle, pouring water into the cup, and drinking from it.","85"
"16","m","1","['fill tub with water', 'dip washcloth on the right side into water', 'wring the washcloth', 'wipe each side of face with wet washcloth', 'place first washcloth back on countertop', 'use washcloth on the left side to dry face', 'place second washcloth back on countertop']","generate_until","['The patient is seen lying in the bed, covered with a blanket, and later sitting up in bed.']","The patient is seen lying in the bed, covered with a blanket, and later sitting up in bed.","10"
"17","m","1","['remove bread from plastic bag', 'put the bread on plate', 'open margarine pack', 'spread margarine on bread', 'cut bread into four pieces', 'cut off some bread', 'eat a small bite-sized piece of bread']","generate_until","['The patient, wearing a black polo shirt and wrist braces, is seated at a table with a sandwich in front of him. He opens a plastic bag containing bread slices, places the bread on the table, and then proceeds to spread something on the bread using a knife. The patient demonstrates fine motor skills and hand function as he handles the bread and knife.']","The patient, wearing a black polo shirt and wrist braces, is seated at a table with a sandwich in front of him. He opens a plastic bag containing bread slices, places the bread on the table, and then proceeds to spread something on the bread using a knife. The patient demonstrates fine motor skills and hand function as he handles the bread and knife.","95"
"18","m","1","['wear glasses', 'return hands to table', 'remove glasses', 'place glasses on table']","generate_until","['The patient performs a series of hand and wrist movements, including picking up and manipulating an object, as part of a rehabilitation exercise.']","The patient performs a series of hand and wrist movements, including picking up and manipulating an object, as part of a rehabilitation exercise.","20"
"19","m","1","['move toilet paper roll from center target to shelf target', 'move toilet paper roll from shelf target back to center', 'move toilet paper roll from center target to shelf target', 'move toilet paper roll from shelf target back to center', 'move toilet paper roll from center target to shelf target', 'move toilet paper roll from shelf target back to center', 'move toilet paper roll from center target to shelf target', 'move toilet paper roll from shelf target back to center', 'move toilet paper roll from center target to shelf target', 'move toilet paper roll from shelf target back to center', 'move toilet paper roll from center target to shelf target', 'move toilet paper roll from shelf target back to center']","generate_until","['The patient performs a series of movements with their right arm, lifting the pink object and placing it back on the table in different positions.']","The patient performs a series of movements with their right arm, lifting the pink object and placing it back on the table in different positions.","40"
"20","m","1","['move toilet paper roll from center target to shelf target', 'move toilet paper roll from shelf target back to center', 'move toilet paper roll from center target to shelf target', 'move toilet paper roll from shelf target back to center', 'move toilet paper roll from center target to shelf target', 'move toilet paper roll from shelf target back to center', 'move toilet paper roll from center target to shelf target', 'move toilet paper roll from shelf target back to center', 'move toilet paper roll from center target to shelf target', 'move toilet paper roll from shelf target back to center', 'move toilet paper roll from center target to shelf target', 'move toilet paper roll from shelf target back to center']","generate_until","['The patient performs a series of hand movements, including placing their hands flat on the table, lifting and rotating the pink cylinder, and moving their hands in and out of the green circle.']","The patient performs a series of hand movements, including placing their hands flat on the table, lifting and rotating the pink cylinder, and moving their hands in and out of the green circle.","30"
"21","m","1","['move toilet paper roll from center to outside target', 'move toilet paper roll from outside target back to center', 'move toilet paper roll from center to outside target', 'move toilet paper roll from outside target back to center', 'move toilet paper roll from center to outside target', 'move toilet paper roll from outside target back to center', 'move toilet paper roll from center to outside target', 'move toilet paper roll from outside target back to center', 'move toilet paper roll from center to outside target', 'move toilet paper roll from outside target back to center', 'move toilet paper roll from center to outside target', 'move toilet paper roll from outside target back to center', 'move toilet paper roll from center to outside target', 'move toilet paper roll from outside target back to center', 'move toilet paper roll from center to outside target', 'move toilet paper roll from outside target back to center']","generate_until","['The patient performs a series of movements with their right hand, which is equipped with a rehabilitation device. They grasp and move a blue cylinder across a table surface marked with circular targets, following a specific pattern or sequence as part of a therapy exercise.']","The patient performs a series of movements with their right hand, which is equipped with a rehabilitation device. They grasp and move a blue cylinder across a table surface marked with circular targets, following a specific pattern or sequence as part of a therapy exercise.","75"
"22","m","1","['move toilet paper roll from center to outside target', 'move toilet paper roll from outside target back to center', 'move toilet paper roll from center to outside target', 'move toilet paper roll from outside target back to center', 'move toilet paper roll from center to outside target', 'move toilet paper roll from outside target back to center', 'move toilet paper roll from center to outside target', 'move toilet paper roll from outside target back to center', 'move toilet paper roll from center to outside target', 'move toilet paper roll from outside target back to center', 'move toilet paper roll from center to outside target', 'move toilet paper roll from outside target back to center', 'move toilet paper roll from center to outside target', 'move toilet paper roll from outside target back to center', 'move toilet paper roll from center to outside target', 'move toilet paper roll from outside target back to center']","generate_until","['The patient performs a series of movements with their right hand, including touching and moving the blue cylinder, while wearing a wrist brace.']","The patient performs a series of movements with their right hand, including touching and moving the blue cylinder, while wearing a wrist brace.","75"
"23","m","1","['wet toothbrush', 'apply toothpaste to toothbrush', 'replace cap on toothpaste tube', 'brush teeth', 'rinse toothbrush and mouth', 'place toothbrush back on countertop']","generate_until","['The patient is seen washing their hands under running water, using soap from a dispenser, and drying their hands with paper towels.']","The patient is seen washing their hands under running water, using soap from a dispenser, and drying their hands with paper towels.","10"
"24","m","1","['pick up comb', 'comb both sides of head']","generate_until","['The patient performs a series of hand and wrist movements, including placing their hands flat on the table, making a fist, and rotating their wrists.']","The patient performs a series of hand and wrist movements, including placing their hands flat on the table, making a fist, and rotating their wrists.","30"
"25","m","1","['remove deodorant cap', 'twist deodorant base a few times', 'apply deodorant', 'replace deodarant cap', 'untwist the deodorant base', 'put deodorant on table']","generate_until","['The patient performs a series of movements with their right arm, including lifting it above their head and bringing it back down. They also rotate their wrist and move their hand in various directions.']","The patient performs a series of movements with their right arm, including lifting it above their head and bringing it back down. They also rotate their wrist and move their hand in various directions.","10"
"26","m","1","['open water bottle', 'pour water into cup', 'take a sip of water', 'place cup on table', 'replace cap on bottle']","generate_until","['The patient, wearing a white shirt and black wrist brace, is seated at a table with a coffee cup and water bottle. They pick up the water bottle, pour water into the coffee cup, and take a sip.']","The patient, wearing a white shirt and black wrist brace, is seated at a table with a coffee cup and water bottle. They pick up the water bottle, pour water into the coffee cup, and take a sip.","95"
"27","m","1","['fill tub with water', 'dip washcloth on the right side into water', 'wring the washcloth', 'wipe each side of face with wet washcloth', 'place first washcloth back on countertop', 'use washcloth on the left side to dry face', 'place second washcloth back on countertop']","generate_until","['The patient washes their hands, dries them with a paper towel, and then uses the same towel to dry their face.']","The patient washes their hands, dries them with a paper towel, and then uses the same towel to dry their face.","20"
"28","m","1","['remove bread from plastic bag', 'put the bread on plate', 'open margarine pack', 'spread margarine on bread', 'cut bread into four pieces', 'cut off some bread', 'eat a small bite-sized piece of bread']","generate_until","['The patient is seen spreading a condiment, possibly butter or jam, onto a slice of bread. He uses his right hand to hold the knife and his left hand to steady the bread.']","The patient is seen spreading a condiment, possibly butter or jam, onto a slice of bread. He uses his right hand to hold the knife and his left hand to steady the bread.","40"
"29","m","1","['wear glasses', 'return hands to table', 'remove glasses', 'place glasses on table']","generate_until","['The patient, wearing a white shirt and wrist braces, is seated at a table with a black mat. He picks up a pair of glasses, examines them closely, and then puts them on. He repeats this action several times, adjusting the glasses each time.']","The patient, wearing a white shirt and wrist braces, is seated at a table with a black mat. He picks up a pair of glasses, examines them closely, and then puts them on. He repeats this action several times, adjusting the glasses each time.","75"
"30","m","1","['move toilet paper roll from center target to shelf target', 'move toilet paper roll from shelf target back to center', 'move toilet paper roll from center target to shelf target', 'move toilet paper roll from shelf target back to center', 'move toilet paper roll from center target to shelf target', 'move toilet paper roll from shelf target back to center', 'move toilet paper roll from center target to shelf target', 'move toilet paper roll from shelf target back to center', 'move toilet paper roll from center target to shelf target', 'move toilet paper roll from shelf target back to center', 'move toilet paper roll from center target to shelf target', 'move toilet paper roll from shelf target back to center']","generate_until","['The patient performs a series of movements with their right hand, including lifting and placing the pink cylinder on the table, and sliding it back and forth.']","The patient performs a series of movements with their right hand, including lifting and placing the pink cylinder on the table, and sliding it back and forth.","60"
"31","m","1","['move toilet paper roll from center target to shelf target', 'move toilet paper roll from shelf target back to center', 'move toilet paper roll from center target to shelf target', 'move toilet paper roll from shelf target back to center', 'move toilet paper roll from center target to shelf target', 'move toilet paper roll from shelf target back to center', 'move toilet paper roll from center target to shelf target', 'move toilet paper roll from shelf target back to center', 'move toilet paper roll from center target to shelf target', 'move toilet paper roll from shelf target back to center', 'move toilet paper roll from center target to shelf target', 'move toilet paper roll from shelf target back to center']","generate_until","['The patient performs a series of movements with their right arm, lifting and moving the pink object in various directions.']","The patient performs a series of movements with their right arm, lifting and moving the pink object in various directions.","40"
"32","m","1","['move toilet paper roll from center to outside target', 'move toilet paper roll from outside target back to center', 'move toilet paper roll from center to outside target', 'move toilet paper roll from outside target back to center', 'move toilet paper roll from center to outside target', 'move toilet paper roll from outside target back to center', 'move toilet paper roll from center to outside target', 'move toilet paper roll from outside target back to center', 'move toilet paper roll from center to outside target', 'move toilet paper roll from outside target back to center', 'move toilet paper roll from center to outside target', 'move toilet paper roll from outside target back to center', 'move toilet paper roll from center to outside target', 'move toilet paper roll from outside target back to center', 'move toilet paper roll from center to outside target', 'move toilet paper roll from outside target back to center']","generate_until","['The patient performs a series of movements with their right hand, including lifting and rotating the cylinder, while the therapist observes.']","The patient performs a series of movements with their right hand, including lifting and rotating the cylinder, while the therapist observes.","30"
"33","m","1","['move toilet paper roll from center to outside target', 'move toilet paper roll from outside target back to center', 'move toilet paper roll from center to outside target', 'move toilet paper roll from outside target back to center', 'move toilet paper roll from center to outside target', 'move toilet paper roll from outside target back to center', 'move toilet paper roll from center to outside target', 'move toilet paper roll from outside target back to center', 'move toilet paper roll from center to outside target', 'move toilet paper roll from outside target back to center', 'move toilet paper roll from center to outside target', 'move toilet paper roll from outside target back to center', 'move toilet paper roll from center to outside target', 'move toilet paper roll from outside target back to center', 'move toilet paper roll from center to outside target', 'move toilet paper roll from outside target back to center']","generate_until","['The patient performs a series of movements with their hands, including touching and moving the blue cube, and placing their hands on the mat.']","The patient performs a series of movements with their hands, including touching and moving the blue cube, and placing their hands on the mat.","10"
"34","m","1","['wet toothbrush', 'apply toothpaste to toothbrush', 'replace cap on toothpaste tube', 'brush teeth', 'rinse toothbrush and mouth', 'place toothbrush back on countertop']","generate_until","['The patient, wearing a red shirt and black wristbands, is seated in front of a sink. They pick up a toothbrush and tube of toothpaste, apply toothpaste to the toothbrush, and then place the toothbrush back on the counter.']","The patient, wearing a red shirt and black wristbands, is seated in front of a sink. They pick up a toothbrush and tube of toothpaste, apply toothpaste to the toothbrush, and then place the toothbrush back on the counter.","20"
"35","m","1","['pick up comb', 'comb both sides of head']","generate_until","['The patient performs a series of movements with their right hand and arm, including touching the surface of the mat, lifting their hand to their head, and then returning it to the mat.']","The patient performs a series of movements with their right hand and arm, including touching the surface of the mat, lifting their hand to their head, and then returning it to the mat.","20"
"36","m","1","['remove deodorant cap', 'twist deodorant base a few times', 'apply deodorant', 'replace deodarant cap', 'untwist the deodorant base', 'put deodorant on table']","generate_until","['The patient performs a series of movements with their right arm, including lifting and rotating the white cylinder, and placing it back on the table.']","The patient performs a series of movements with their right arm, including lifting and rotating the white cylinder, and placing it back on the table.","65"
"37","m","1","['open water bottle', 'pour water into cup', 'take a sip of water', 'place cup on table', 'replace cap on bottle']","generate_until","['The patient, wearing a red shirt and black wrist braces, is seated at a table with a coffee cup and a water bottle. He reaches for the coffee cup with his right hand, lifts it to his mouth as if to take a sip, then places it back on the table. He then reaches for the water bottle with his left hand, unscrews the cap, and places the cap back on the bottle.']","The patient, wearing a red shirt and black wrist braces, is seated at a table with a coffee cup and a water bottle. He reaches for the coffee cup with his right hand, lifts it to his mouth as if to take a sip, then places it back on the table. He then reaches for the water bottle with his left hand, unscrews the cap, and places the cap back on the bottle.","30"
"38","m","1","['fill tub with water', 'dip washcloth on the right side into water', 'wring the washcloth', 'wipe each side of face with wet washcloth', 'place first washcloth back on countertop', 'use washcloth on the left side to dry face', 'place second washcloth back on countertop']","generate_until","['The patient is seen washing their hands, using a soap dispenser, and drying their hands with paper towels.']","The patient is seen washing their hands, using a soap dispenser, and drying their hands with paper towels.","10"
"39","m","1","['remove bread from plastic bag', 'put the bread on plate', 'open margarine pack', 'spread margarine on bread', 'cut bread into four pieces', 'cut off some bread', 'eat a small bite-sized piece of bread']","generate_until","['The patient is seen using a knife and fork to cut a piece of bread, demonstrating the use of their prosthetic limbs.']","The patient is seen using a knife and fork to cut a piece of bread, demonstrating the use of their prosthetic limbs.","30"
"40","m","1","['wear glasses', 'return hands to table', 'remove glasses', 'place glasses on table']","generate_until","['The patient performs a series of movements with their hands and arms, including placing their hands on the table, picking up and manipulating an object, and moving their arms in various directions.']","The patient performs a series of movements with their hands and arms, including placing their hands on the table, picking up and manipulating an object, and moving their arms in various directions.","25"
"41","m","1","['move toilet paper roll from center target to shelf target', 'move toilet paper roll from shelf target back to center', 'move toilet paper roll from center target to shelf target', 'move toilet paper roll from shelf target back to center', 'move toilet paper roll from center target to shelf target', 'move toilet paper roll from shelf target back to center', 'move toilet paper roll from center target to shelf target', 'move toilet paper roll from shelf target back to center', 'move toilet paper roll from center target to shelf target', 'move toilet paper roll from shelf target back to center', 'move toilet paper roll from center target to shelf target', 'move toilet paper roll from shelf target back to center']","generate_until","['The patient performs a series of movements with their right hand, including lifting and rotating the pink cylinder, while keeping their left hand stationary.']","The patient performs a series of movements with their right hand, including lifting and rotating the pink cylinder, while keeping their left hand stationary.","30"
"42","m","1","['move toilet paper roll from center target to shelf target', 'move toilet paper roll from shelf target back to center', 'move toilet paper roll from center target to shelf target', 'move toilet paper roll from shelf target back to center', 'move toilet paper roll from center target to shelf target', 'move toilet paper roll from shelf target back to center', 'move toilet paper roll from center target to shelf target', 'move toilet paper roll from shelf target back to center', 'move toilet paper roll from center target to shelf target', 'move toilet paper roll from shelf target back to center', 'move toilet paper roll from center target to shelf target', 'move toilet paper roll from shelf target back to center']","generate_until","['The patient performs a series of arm movements, lifting the device and moving it in different directions.']","The patient performs a series of arm movements, lifting the device and moving it in different directions.","30"
"43","m","1","['move toilet paper roll from center to outside target', 'move toilet paper roll from outside target back to center', 'move toilet paper roll from center to outside target', 'move toilet paper roll from outside target back to center', 'move toilet paper roll from center to outside target', 'move toilet paper roll from outside target back to center', 'move toilet paper roll from center to outside target', 'move toilet paper roll from outside target back to center', 'move toilet paper roll from center to outside target', 'move toilet paper roll from outside target back to center', 'move toilet paper roll from center to outside target', 'move toilet paper roll from outside target back to center', 'move toilet paper roll from center to outside target', 'move toilet paper roll from outside target back to center', 'move toilet paper roll from center to outside target', 'move toilet paper roll from outside target back to center']","generate_until","['The patient performs a series of movements with their hands, including reaching for and grasping the blue canister, rotating it, and placing it back on the mat.']","The patient performs a series of movements with their hands, including reaching for and grasping the blue canister, rotating it, and placing it back on the mat.","30"
"44","m","1","['move toilet paper roll from center to outside target', 'move toilet paper roll from outside target back to center', 'move toilet paper roll from center to outside target', 'move toilet paper roll from outside target back to center', 'move toilet paper roll from center to outside target', 'move toilet paper roll from outside target back to center', 'move toilet paper roll from center to outside target', 'move toilet paper roll from outside target back to center', 'move toilet paper roll from center to outside target', 'move toilet paper roll from outside target back to center', 'move toilet paper roll from center to outside target', 'move toilet paper roll from outside target back to center', 'move toilet paper roll from center to outside target', 'move toilet paper roll from outside target back to center', 'move toilet paper roll from center to outside target', 'move toilet paper roll from outside target back to center']","generate_until","['The patient performs a series of movements with their right hand, repeatedly lifting and placing the blue cube onto different circular targets on the mat.']","The patient performs a series of movements with their right hand, repeatedly lifting and placing the blue cube onto different circular targets on the mat.","20"
"45","m","1","['wet toothbrush', 'apply toothpaste to toothbrush', 'replace cap on toothpaste tube', 'brush teeth', 'rinse toothbrush and mouth', 'place toothbrush back on countertop']","generate_until","['The patient is seen brushing their teeth, rinsing the toothbrush under running water, and then placing it back on the counter.']","The patient is seen brushing their teeth, rinsing the toothbrush under running water, and then placing it back on the counter.","85"
"46","m","1","['pick up comb', 'comb both sides of head']","generate_until","['The patient, seated at a table, engages in a series of hand and wrist movements, including placing their hand flat on the table, lifting it, and making circular motions.']","The patient, seated at a table, engages in a series of hand and wrist movements, including placing their hand flat on the table, lifting it, and making circular motions.","30"
"47","m","1","['remove deodorant cap', 'twist deodorant base a few times', 'apply deodorant', 'replace deodarant cap', 'untwist the deodorant base', 'put deodorant on table']","generate_until","['The patient performs a series of movements with their right arm, including lifting and rotating the arm, while following instructions from the therapist.']","The patient performs a series of movements with their right arm, including lifting and rotating the arm, while following instructions from the therapist.","10"
"48","m","1","['open water bottle', 'pour water into cup', 'take a sip of water', 'place cup on table', 'replace cap on bottle']","generate_until","['The patient performs a series of hand movements, including opening and closing their hand, rotating their wrist, and picking up and putting down a water bottle.']","The patient performs a series of hand movements, including opening and closing their hand, rotating their wrist, and picking up and putting down a water bottle.","30"
"49","m","1","['fill tub with water', 'dip washcloth on the right side into water', 'wring the washcloth', 'wipe each side of face with wet washcloth', 'place first washcloth back on countertop', 'use washcloth on the left side to dry face', 'place second washcloth back on countertop']","generate_until","['The patient, wearing a black shirt and gloves, is seen washing their hands at a sink. They turn on the faucet, wet their hands, apply soap, and thoroughly wash their hands, ensuring all areas are cleaned. After rinsing off the soap, they dry their hands with a paper towel.']","The patient, wearing a black shirt and gloves, is seen washing their hands at a sink. They turn on the faucet, wet their hands, apply soap, and thoroughly wash their hands, ensuring all areas are cleaned. After rinsing off the soap, they dry their hands with a paper towel.","0"
"50","m","1","['remove bread from plastic bag', 'put the bread on plate', 'open margarine pack', 'spread margarine on bread', 'cut bread into four pieces', 'cut off some bread', 'eat a small bite-sized piece of bread']","generate_until","['The patient is seen spreading a condiment on a slice of bread, assembling a sandwich, and then eating it.']","The patient is seen spreading a condiment on a slice of bread, assembling a sandwich, and then eating it.","20"
"51","m","1","['wear glasses', 'return hands to table', 'remove glasses', 'place glasses on table']","generate_until","['The patient performs a series of hand and wrist exercises, moving their hands in various positions, including placing them flat on the table, lifting them, and making circular motions.']","The patient performs a series of hand and wrist exercises, moving their hands in various positions, including placing them flat on the table, lifting them, and making circular motions.","10"
"52","m","1","['move toilet paper roll from center target to shelf target', 'move toilet paper roll from shelf target back to center', 'move toilet paper roll from center target to shelf target', 'move toilet paper roll from shelf target back to center', 'move toilet paper roll from center target to shelf target', 'move toilet paper roll from shelf target back to center', 'move toilet paper roll from center target to shelf target', 'move toilet paper roll from shelf target back to center', 'move toilet paper roll from center target to shelf target', 'move toilet paper roll from shelf target back to center', 'move toilet paper roll from center target to shelf target', 'move toilet paper roll from shelf target back to center']","generate_until","['The patient is seated at a table, wearing a black shirt and camouflage pants. They are holding a pink cup with their right hand and performing a series of movements, including lifting the cup to shoulder height and then placing it back on the table.']","The patient is seated at a table, wearing a black shirt and camouflage pants. They are holding a pink cup with their right hand and performing a series of movements, including lifting the cup to shoulder height and then placing it back on the table.","10"
"0","m","1","['move toilet paper roll from center to outside target', 'move toilet paper roll from outside target back to center', 'move toilet paper roll from center to outside target', 'move toilet paper roll from outside target back to center', 'move toilet paper roll from center to outside target', 'move toilet paper roll from outside target back to center', 'move toilet paper roll from center to outside target', 'move toilet paper roll from outside target back to center', 'move toilet paper roll from center to outside target', 'move toilet paper roll from outside target back to center', 'move toilet paper roll from center to outside target', 'move toilet paper roll from outside target back to center', 'move toilet paper roll from center to outside target', 'move toilet paper roll from outside target back to center', 'move toilet paper roll from center to outside target', 'move toilet paper roll from outside target back to center']","generate_until","['The patient is wearing a white shirt with blue patches and black wristbands. They are interacting with a blue object on a table covered with a dark mat that has circular patterns. The patient appears to be engaged in a task, possibly related to rehabilitation or a cognitive exercise, as they manipulate the object with their hands.']","The patient is wearing a white shirt with blue patches and black wristbands. They are interacting with a blue object on a table covered with a dark mat that has circular patterns. The patient appears to be engaged in a task, possibly related to rehabilitation or a cognitive exercise, as they manipulate the object with their hands.","65"
"1","m","1","['move toilet paper roll from center to outside target', 'move toilet paper roll from outside target back to center', 'move toilet paper roll from center to outside target', 'move toilet paper roll from outside target back to center', 'move toilet paper roll from center to outside target', 'move toilet paper roll from outside target back to center', 'move toilet paper roll from center to outside target', 'move toilet paper roll from outside target back to center', 'move toilet paper roll from center to outside target', 'move toilet paper roll from outside target back to center', 'move toilet paper roll from center to outside target', 'move toilet paper roll from outside target back to center', 'move toilet paper roll from center to outside target', 'move toilet paper roll from outside target back to center', 'move toilet paper roll from center to outside target', 'move toilet paper roll from outside target back to center']","generate_until","['The patient is seen wearing a white shirt with blue patches and black wristbands. They are seated at a table with a blue cylindrical object in front of them. The patient appears to be engaged in an activity that involves manipulating the object, possibly as part of a rehabilitation or therapy exercise.']","The patient is seen wearing a white shirt with blue patches and black wristbands. They are seated at a table with a blue cylindrical object in front of them. The patient appears to be engaged in an activity that involves manipulating the object, possibly as part of a rehabilitation or therapy exercise.","50"
"2","m","1","['wet toothbrush', 'apply toothpaste to toothbrush', 'replace cap on toothpaste tube', 'brush teeth', 'rinse toothbrush and mouth', 'place toothbrush back on countertop']","generate_until","['The patient is seen brushing their teeth, rinsing the toothbrush under running water, and then drinking from a cup.']","The patient is seen brushing their teeth, rinsing the toothbrush under running water, and then drinking from a cup.","20"
"3","m","1","['pick up comb', 'comb both sides of head']","generate_until","['The patient is seen interacting with a black mat on the table, which has circular markers. They are using their hands to touch and move around these markers, possibly as part of a rehabilitation exercise or a sensory activity.']","The patient is seen interacting with a black mat on the table, which has circular markers. They are using their hands to touch and move around these markers, possibly as part of a rehabilitation exercise or a sensory activity.","10"
"4","m","1","['remove deodorant cap', 'twist deodorant base a few times', 'apply deodorant', 'replace deodarant cap', 'untwist the deodorant base', 'put deodorant on table']","generate_until","['The patient is seen sitting at a table in a kitchen, wearing a gray long-sleeve shirt and a black wrist brace on their right hand. They are holding a white bottle with a blue cap and appear to be examining it closely. The patient opens the bottle, looks inside, and then closes it again. They also reach for a small white object on the table, which appears to be a piece of paper or a napkin, and use it to wipe their hands. The patient seems to be focused on the task at hand, possibly practicing or demonstrating a specific action.']","The patient is seen sitting at a table in a kitchen, wearing a gray long-sleeve shirt and a black wrist brace on their right hand. They are holding a white bottle with a blue cap and appear to be examining it closely. The patient opens the bottle, looks inside, and then closes it again. They also reach for a small white object on the table, which appears to be a piece of paper or a napkin, and use it to wipe their hands. The patient seems to be focused on the task at hand, possibly practicing or demonstrating a specific action.","30"
"5","m","1","['open water bottle', 'pour water into cup', 'take a sip of water', 'place cup on table', 'replace cap on bottle']","generate_until","['The patient is seen sitting at a table in a kitchen, wearing a gray jacket and black gloves. They are holding a cup and a water bottle, and they appear to be pouring water from the bottle into the cup.']","The patient is seen sitting at a table in a kitchen, wearing a gray jacket and black gloves. They are holding a cup and a water bottle, and they appear to be pouring water from the bottle into the cup.","30"
"6","m","1","['fill tub with water', 'dip washcloth on the right side into water', 'wring the washcloth', 'wipe each side of face with wet washcloth', 'place first washcloth back on countertop', 'use washcloth on the left side to dry face', 'place second washcloth back on countertop']","generate_until","['The patient is seen washing their hands under running water, using a white towel to dry them, and then placing the used towel on the counter.']","The patient is seen washing their hands under running water, using a white towel to dry them, and then placing the used towel on the counter.","10"
"7","m","1","['remove bread from plastic bag', 'put the bread on plate', 'open margarine pack', 'spread margarine on bread', 'cut bread into four pieces', 'cut off some bread', 'eat a small bite-sized piece of bread']","generate_until","['The patient is seen sitting at a table in a kitchen setting, wearing a purple long-sleeve shirt. They are using a red-handled knife to cut a piece of bread on a white plate. The table has various items on it, including a blue-handled knife, a small container, and a plastic bag. In the background, another person is working at a counter with a laptop.']","The patient is seen sitting at a table in a kitchen setting, wearing a purple long-sleeve shirt. They are using a red-handled knife to cut a piece of bread on a white plate. The table has various items on it, including a blue-handled knife, a small container, and a plastic bag. In the background, another person is working at a counter with a laptop.","30"
"8","m","1","['wear glasses', 'return hands to table', 'remove glasses', 'place glasses on table']","generate_until","['The patient is seen wearing a gray shirt and interacting with a black mat on the table. They are using their hands to manipulate objects on the mat, possibly as part of a rehabilitation or therapy exercise.']","The patient is seen wearing a gray shirt and interacting with a black mat on the table. They are using their hands to manipulate objects on the mat, possibly as part of a rehabilitation or therapy exercise.","35"
"9","m","1","['move toilet paper roll from center target to shelf target', 'move toilet paper roll from shelf target back to center', 'move toilet paper roll from center target to shelf target', 'move toilet paper roll from shelf target back to center', 'move toilet paper roll from center target to shelf target', 'move toilet paper roll from shelf target back to center', 'move toilet paper roll from center target to shelf target', 'move toilet paper roll from shelf target back to center', 'move toilet paper roll from center target to shelf target', 'move toilet paper roll from shelf target back to center', 'move toilet paper roll from center target to shelf target', 'move toilet paper roll from shelf target back to center']","generate_until","['The patient is seen sitting at a table in a kitchen, wearing a gray sweater and black pants. They are using a purple cup to drink from a white mug. The patient is also wearing a black arm brace on their right arm.']","The patient is seen sitting at a table in a kitchen, wearing a gray sweater and black pants. They are using a purple cup to drink from a white mug. The patient is also wearing a black arm brace on their right arm.","10"
"10","m","1","['move toilet paper roll from center to outside target', 'move toilet paper roll from outside target back to center', 'move toilet paper roll from center to outside target', 'move toilet paper roll from outside target back to center', 'move toilet paper roll from center to outside target', 'move toilet paper roll from outside target back to center', 'move toilet paper roll from center to outside target', 'move toilet paper roll from outside target back to center', 'move toilet paper roll from center to outside target', 'move toilet paper roll from outside target back to center', 'move toilet paper roll from center to outside target', 'move toilet paper roll from outside target back to center', 'move toilet paper roll from center to outside target', 'move toilet paper roll from outside target back to center', 'move toilet paper roll from center to outside target', 'move toilet paper roll from outside target back to center']","generate_until","['The patient is wearing a black tank top and has several white sensors attached to their hands and arms. They are interacting with a blue cylindrical object placed on a table covered with a dark mat that has pink circles on it. The patient appears to be performing a series of movements or exercises, possibly as part of a rehabilitation or physical therapy session.']","The patient is wearing a black tank top and has several white sensors attached to their hands and arms. They are interacting with a blue cylindrical object placed on a table covered with a dark mat that has pink circles on it. The patient appears to be performing a series of movements or exercises, possibly as part of a rehabilitation or physical therapy session.","65"
"11","m","1","['move toilet paper roll from center to outside target', 'move toilet paper roll from outside target back to center', 'move toilet paper roll from center to outside target', 'move toilet paper roll from outside target back to center', 'move toilet paper roll from center to outside target', 'move toilet paper roll from outside target back to center', 'move toilet paper roll from center to outside target', 'move toilet paper roll from outside target back to center', 'move toilet paper roll from center to outside target', 'move toilet paper roll from outside target back to center', 'move toilet paper roll from center to outside target', 'move toilet paper roll from outside target back to center', 'move toilet paper roll from center to outside target', 'move toilet paper roll from outside target back to center', 'move toilet paper roll from center to outside target', 'move toilet paper roll from outside target back to center']","generate_until","[""The patient is seen performing a series of movements with their hands, possibly as part of a rehabilitation exercise. They are wearing a black tank top and have several sensors attached to their arms and torso. The patient is interacting with a blue cylindrical object placed on a table covered with a dark mat that has pink circles on it. The patient's movements suggest they are practicing hand-eye coordination or fine motor skills.""]","The patient is seen performing a series of movements with their hands, possibly as part of a rehabilitation exercise. They are wearing a black tank top and have several sensors attached to their arms and torso. The patient is interacting with a blue cylindrical object placed on a table covered with a dark mat that has pink circles on it. The patient's movements suggest they are practicing hand-eye coordination or fine motor skills.","65"
"12","m","1","['wet toothbrush', 'apply toothpaste to toothbrush', 'replace cap on toothpaste tube', 'brush teeth', 'rinse toothbrush and mouth', 'place toothbrush back on countertop']","generate_until","['The patient is seen sitting at a table, holding a toothbrush and toothpaste. They appear to be preparing to brush their teeth.']","The patient is seen sitting at a table, holding a toothbrush and toothpaste. They appear to be preparing to brush their teeth.","30"
"13","m","1","['pick up comb', 'comb both sides of head']","generate_until","['The patient is seen wearing a black shirt with a name tag, sitting at a table with a black mat in front of them. They are adjusting their wrist straps and headgear, possibly preparing for or concluding a medical procedure.']","The patient is seen wearing a black shirt with a name tag, sitting at a table with a black mat in front of them. They are adjusting their wrist straps and headgear, possibly preparing for or concluding a medical procedure.","10"
"14","m","1","['remove deodorant cap', 'twist deodorant base a few times', 'apply deodorant', 'replace deodarant cap', 'untwist the deodorant base', 'put deodorant on table']","generate_until","['The patient is seen performing a series of hand movements, likely as part of a rehabilitation exercise. They are holding a white bottle and manipulating it with their hands, which are equipped with wrist splints. The patient appears to be practicing gripping and rotating the bottle, possibly to improve dexterity and strength in their hands.']","The patient is seen performing a series of hand movements, likely as part of a rehabilitation exercise. They are holding a white bottle and manipulating it with their hands, which are equipped with wrist splints. The patient appears to be practicing gripping and rotating the bottle, possibly to improve dexterity and strength in their hands.","10"
"15","m","1","['open water bottle', 'pour water into cup', 'take a sip of water', 'place cup on table', 'replace cap on bottle']","generate_until","['The patient is seen sitting at a table, wearing a black shirt with a name tag and a wrist brace. They are holding a water bottle and a cup, and they appear to be attempting to pour the water from the bottle into the cup.']","The patient is seen sitting at a table, wearing a black shirt with a name tag and a wrist brace. They are holding a water bottle and a cup, and they appear to be attempting to pour the water from the bottle into the cup.","30"
"16","m","1","['fill tub with water', 'dip washcloth on the right side into water', 'wring the washcloth', 'wipe each side of face with wet washcloth', 'place first washcloth back on countertop', 'use washcloth on the left side to dry face', 'place second washcloth back on countertop']","generate_until","[""The patient, dressed in a black shirt with a name tag, is seen diligently cleaning the countertop. They use a white cloth to wipe down the surface, ensuring it is spotless. The patient's actions are methodical and focused, reflecting a sense of responsibility and care for maintaining cleanliness in the environment.""]","The patient, dressed in a black shirt with a name tag, is seen diligently cleaning the countertop. They use a white cloth to wipe down the surface, ensuring it is spotless. The patient's actions are methodical and focused, reflecting a sense of responsibility and care for maintaining cleanliness in the environment.","10"
"17","m","1","['remove bread from plastic bag', 'put the bread on plate', 'open margarine pack', 'spread margarine on bread', 'cut bread into four pieces', 'cut off some bread', 'eat a small bite-sized piece of bread']","generate_until","['The patient is seen preparing a sandwich by placing slices of bread on a plate, spreading something on the bread, and then assembling the sandwich.']","The patient is seen preparing a sandwich by placing slices of bread on a plate, spreading something on the bread, and then assembling the sandwich.","30"
"18","m","1","['wear glasses', 'return hands to table', 'remove glasses', 'place glasses on table']","generate_until","['The patient is seen wearing a black shirt with a name tag and blue gloves. They are seated at a table with a black mat on it, which has two circular markers. The patient appears to be engaged in an activity involving the use of their hands, possibly interacting with a device or performing a task that requires fine motor skills.']","The patient is seen wearing a black shirt with a name tag and blue gloves. They are seated at a table with a black mat on it, which has two circular markers. The patient appears to be engaged in an activity involving the use of their hands, possibly interacting with a device or performing a task that requires fine motor skills.","15"
"19","m","1","['move toilet paper roll from center target to shelf target', 'move toilet paper roll from shelf target back to center', 'move toilet paper roll from center target to shelf target', 'move toilet paper roll from shelf target back to center', 'move toilet paper roll from center target to shelf target', 'move toilet paper roll from shelf target back to center', 'move toilet paper roll from center target to shelf target', 'move toilet paper roll from shelf target back to center', 'move toilet paper roll from center target to shelf target', 'move toilet paper roll from shelf target back to center', 'move toilet paper roll from center target to shelf target', 'move toilet paper roll from shelf target back to center']","generate_until","['The patient is seen performing a repetitive task of moving a pink object back and forth across the table.']","The patient is seen performing a repetitive task of moving a pink object back and forth across the table.","50"
"20","m","1","['move toilet paper roll from center target to shelf target', 'move toilet paper roll from shelf target back to center', 'move toilet paper roll from center target to shelf target', 'move toilet paper roll from shelf target back to center', 'move toilet paper roll from center target to shelf target', 'move toilet paper roll from shelf target back to center', 'move toilet paper roll from center target to shelf target', 'move toilet paper roll from shelf target back to center', 'move toilet paper roll from center target to shelf target', 'move toilet paper roll from shelf target back to center', 'move toilet paper roll from center target to shelf target', 'move toilet paper roll from shelf target back to center']","generate_until","['The patient is seen performing a series of hand movements, including placing their hands on the table, lifting and moving the pink object, and interacting with the green ring.']","The patient is seen performing a series of hand movements, including placing their hands on the table, lifting and moving the pink object, and interacting with the green ring.","40"
"21","m","1","['move toilet paper roll from center to outside target', 'move toilet paper roll from outside target back to center', 'move toilet paper roll from center to outside target', 'move toilet paper roll from outside target back to center', 'move toilet paper roll from center to outside target', 'move toilet paper roll from outside target back to center', 'move toilet paper roll from center to outside target', 'move toilet paper roll from outside target back to center', 'move toilet paper roll from center to outside target', 'move toilet paper roll from outside target back to center', 'move toilet paper roll from center to outside target', 'move toilet paper roll from outside target back to center', 'move toilet paper roll from center to outside target', 'move toilet paper roll from outside target back to center', 'move toilet paper roll from center to outside target', 'move toilet paper roll from outside target back to center']","generate_until","['The patient is seen interacting with a blue object on a table, possibly as part of a rehabilitation exercise.']","The patient is seen interacting with a blue object on a table, possibly as part of a rehabilitation exercise.","20"
"22","m","1","['move toilet paper roll from center to outside target', 'move toilet paper roll from outside target back to center', 'move toilet paper roll from center to outside target', 'move toilet paper roll from outside target back to center', 'move toilet paper roll from center to outside target', 'move toilet paper roll from outside target back to center', 'move toilet paper roll from center to outside target', 'move toilet paper roll from outside target back to center', 'move toilet paper roll from center to outside target', 'move toilet paper roll from outside target back to center', 'move toilet paper roll from center to outside target', 'move toilet paper roll from outside target back to center', 'move toilet paper roll from center to outside target', 'move toilet paper roll from outside target back to center', 'move toilet paper roll from center to outside target', 'move toilet paper roll from outside target back to center']","generate_until","[""The patient is wearing a dark grey t-shirt with white patches on the shoulders and is seated at a table. They have several sensors attached to their hands, which are likely part of a rehabilitation or therapy program. The patient is interacting with a blue cylindrical object placed on a black mat with red circles. The patient's movements suggest they are practicing hand and finger dexterity exercises. In the background, another person in a blue shirt is observing and possibly recording the patient's progress.""]","The patient is wearing a dark grey t-shirt with white patches on the shoulders and is seated at a table. They have several sensors attached to their hands, which are likely part of a rehabilitation or therapy program. The patient is interacting with a blue cylindrical object placed on a black mat with red circles. The patient's movements suggest they are practicing hand and finger dexterity exercises. In the background, another person in a blue shirt is observing and possibly recording the patient's progress.","85"
"23","m","1","['wet toothbrush', 'apply toothpaste to toothbrush', 'replace cap on toothpaste tube', 'brush teeth', 'rinse toothbrush and mouth', 'place toothbrush back on countertop']","generate_until","['The patient is seen standing in front of a sink with their hands placed on the counter. They are wearing a white shirt and have black wristbands on both wrists. The patient appears to be preparing for a task, possibly related to a medical or therapeutic exercise.']","The patient is seen standing in front of a sink with their hands placed on the counter. They are wearing a white shirt and have black wristbands on both wrists. The patient appears to be preparing for a task, possibly related to a medical or therapeutic exercise.","20"
"24","m","1","['pick up comb', 'comb both sides of head']","generate_until","['The patient is seen sitting at a table with a black mat in front of them. They have their hands placed on the mat, and they are wearing two devices on their wrists. The patient appears to be engaged in an activity that involves moving their hands and possibly interacting with the devices.']","The patient is seen sitting at a table with a black mat in front of them. They have their hands placed on the mat, and they are wearing two devices on their wrists. The patient appears to be engaged in an activity that involves moving their hands and possibly interacting with the devices.","5"
"25","m","1","['remove deodorant cap', 'twist deodorant base a few times', 'apply deodorant', 'replace deodarant cap', 'untwist the deodorant base', 'put deodorant on table']","generate_until","['The patient is seen sitting at a table in a kitchen, wearing a white t-shirt and wrist braces. They are holding a small white bottle and appear to be examining it closely. The patient then opens the bottle and pours its contents into their mouth.']","The patient is seen sitting at a table in a kitchen, wearing a white t-shirt and wrist braces. They are holding a small white bottle and appear to be examining it closely. The patient then opens the bottle and pours its contents into their mouth.","20"
"26","m","1","['open water bottle', 'pour water into cup', 'take a sip of water', 'place cup on table', 'replace cap on bottle']","generate_until","['The patient is seen sitting at a table in a kitchen, wearing a white t-shirt and black wrist supports. They are holding a water bottle and a paper cup. The patient attempts to pour water from the bottle into the cup, but struggles with the task. After several attempts, they finally manage to pour some water into the cup.']","The patient is seen sitting at a table in a kitchen, wearing a white t-shirt and black wrist supports. They are holding a water bottle and a paper cup. The patient attempts to pour water from the bottle into the cup, but struggles with the task. After several attempts, they finally manage to pour some water into the cup.","85"
"27","m","1","['fill tub with water', 'dip washcloth on the right side into water', 'wring the washcloth', 'wipe each side of face with wet washcloth', 'place first washcloth back on countertop', 'use washcloth on the left side to dry face', 'place second washcloth back on countertop']","generate_until","['The patient is seen washing their hands thoroughly, using a white towel to dry them. They also appear to be wiping their face with the towel, possibly indicating they are feeling unwell or have been in contact with something that requires cleaning.']","The patient is seen washing their hands thoroughly, using a white towel to dry them. They also appear to be wiping their face with the towel, possibly indicating they are feeling unwell or have been in contact with something that requires cleaning.","10"
"28","m","1","['remove bread from plastic bag', 'put the bread on plate', 'open margarine pack', 'spread margarine on bread', 'cut bread into four pieces', 'cut off some bread', 'eat a small bite-sized piece of bread']","generate_until","['The patient is seen preparing a sandwich by spreading something on a slice of bread.']","The patient is seen preparing a sandwich by spreading something on a slice of bread.","30"
"29","m","1","['wear glasses', 'return hands to table', 'remove glasses', 'place glasses on table']","generate_until","['The patient is seen wearing a white t-shirt and black wristbands, interacting with a table covered with a black mat. They are holding a pair of glasses and appear to be examining them closely. The patient seems to be engaged in an activity that involves the use of the glasses, possibly testing their vision or adjusting them for comfort.']","The patient is seen wearing a white t-shirt and black wristbands, interacting with a table covered with a black mat. They are holding a pair of glasses and appear to be examining them closely. The patient seems to be engaged in an activity that involves the use of the glasses, possibly testing their vision or adjusting them for comfort.","95"
"30","m","1","['move toilet paper roll from center target to shelf target', 'move toilet paper roll from shelf target back to center', 'move toilet paper roll from center target to shelf target', 'move toilet paper roll from shelf target back to center', 'move toilet paper roll from center target to shelf target', 'move toilet paper roll from shelf target back to center', 'move toilet paper roll from center target to shelf target', 'move toilet paper roll from shelf target back to center', 'move toilet paper roll from center target to shelf target', 'move toilet paper roll from shelf target back to center', 'move toilet paper roll from center target to shelf target', 'move toilet paper roll from shelf target back to center']","generate_until","['The patient is seen performing a series of hand movements, including touching the pink object and moving it around on the table.']","The patient is seen performing a series of hand movements, including touching the pink object and moving it around on the table.","20"
"31","m","1","['move toilet paper roll from center target to shelf target', 'move toilet paper roll from shelf target back to center', 'move toilet paper roll from center target to shelf target', 'move toilet paper roll from shelf target back to center', 'move toilet paper roll from center target to shelf target', 'move toilet paper roll from shelf target back to center', 'move toilet paper roll from center target to shelf target', 'move toilet paper roll from shelf target back to center', 'move toilet paper roll from center target to shelf target', 'move toilet paper roll from shelf target back to center', 'move toilet paper roll from center target to shelf target', 'move toilet paper roll from shelf target back to center']","generate_until","['The patient is seen performing a series of movements with their hands, possibly as part of a rehabilitation exercise. They are holding a pink object and moving it in various directions, which could be an activity designed to improve hand function or coordination.']","The patient is seen performing a series of movements with their hands, possibly as part of a rehabilitation exercise. They are holding a pink object and moving it in various directions, which could be an activity designed to improve hand function or coordination.","50"
"32","m","1","['move toilet paper roll from center to outside target', 'move toilet paper roll from outside target back to center', 'move toilet paper roll from center to outside target', 'move toilet paper roll from outside target back to center', 'move toilet paper roll from center to outside target', 'move toilet paper roll from outside target back to center', 'move toilet paper roll from center to outside target', 'move toilet paper roll from outside target back to center', 'move toilet paper roll from center to outside target', 'move toilet paper roll from outside target back to center', 'move toilet paper roll from center to outside target', 'move toilet paper roll from outside target back to center', 'move toilet paper roll from center to outside target', 'move toilet paper roll from outside target back to center', 'move toilet paper roll from center to outside target', 'move toilet paper roll from outside target back to center']","generate_until","['The patient is wearing a black t-shirt with a graphic design and several sensors on their hands and arms. They are interacting with a blue object placed on a table covered with a dark cloth that has red circles on it. The patient appears to be performing a task that involves manipulating the object, possibly as part of a rehabilitation or experimental procedure.']","The patient is wearing a black t-shirt with a graphic design and several sensors on their hands and arms. They are interacting with a blue object placed on a table covered with a dark cloth that has red circles on it. The patient appears to be performing a task that involves manipulating the object, possibly as part of a rehabilitation or experimental procedure.","40"
"33","m","1","['move toilet paper roll from center to outside target', 'move toilet paper roll from outside target back to center', 'move toilet paper roll from center to outside target', 'move toilet paper roll from outside target back to center', 'move toilet paper roll from center to outside target', 'move toilet paper roll from outside target back to center', 'move toilet paper roll from center to outside target', 'move toilet paper roll from outside target back to center', 'move toilet paper roll from center to outside target', 'move toilet paper roll from outside target back to center', 'move toilet paper roll from center to outside target', 'move toilet paper roll from outside target back to center', 'move toilet paper roll from center to outside target', 'move toilet paper roll from outside target back to center', 'move toilet paper roll from center to outside target', 'move toilet paper roll from outside target back to center']","generate_until","['The patient is seen interacting with a blue cube placed on a black mat with red circles. The patient uses their hands to manipulate the cube, possibly as part of a rehabilitation exercise or experiment.']","The patient is seen interacting with a blue cube placed on a black mat with red circles. The patient uses their hands to manipulate the cube, possibly as part of a rehabilitation exercise or experiment.","20"
"34","m","1","['wet toothbrush', 'apply toothpaste to toothbrush', 'replace cap on toothpaste tube', 'brush teeth', 'rinse toothbrush and mouth', 'place toothbrush back on countertop']","generate_until","['The patient is seen performing a series of tasks at a sink, including washing their hands, using a toothbrush, and handling various objects.']","The patient is seen performing a series of tasks at a sink, including washing their hands, using a toothbrush, and handling various objects.","10"
"35","m","1","['pick up comb', 'comb both sides of head']","generate_until","['The patient is seen interacting with a black mat on the table, which has circular markers. They use their hands to touch and manipulate the mat, possibly following instructions or performing a task. The patient also holds a small object in their hand, which they examine closely before placing it back on the mat.']","The patient is seen interacting with a black mat on the table, which has circular markers. They use their hands to touch and manipulate the mat, possibly following instructions or performing a task. The patient also holds a small object in their hand, which they examine closely before placing it back on the mat.","10"
"36","m","1","['remove deodorant cap', 'twist deodorant base a few times', 'apply deodorant', 'replace deodarant cap', 'untwist the deodorant base', 'put deodorant on table']","generate_until","['The patient is sitting at a table with a black mat on it. They are wearing a red shirt and have two white gloves on their hands. The patient is using their hands to manipulate a small white object, which appears to be a container or a bottle. They are also wearing black wrist supports on both wrists. The patient is focused on the task at hand, carefully handling the object and moving it around on the mat.']","The patient is sitting at a table with a black mat on it. They are wearing a red shirt and have two white gloves on their hands. The patient is using their hands to manipulate a small white object, which appears to be a container or a bottle. They are also wearing black wrist supports on both wrists. The patient is focused on the task at hand, carefully handling the object and moving it around on the mat.","75"
"37","m","1","['open water bottle', 'pour water into cup', 'take a sip of water', 'place cup on table', 'replace cap on bottle']","generate_until","['The patient is sitting at a table in a kitchen, wearing a red shirt and several wrist braces. They are holding a water bottle and a cup, and they appear to be attempting to open the water bottle. The patient then takes a sip from the cup.']","The patient is sitting at a table in a kitchen, wearing a red shirt and several wrist braces. They are holding a water bottle and a cup, and they appear to be attempting to open the water bottle. The patient then takes a sip from the cup.","40"
"38","m","1","['fill tub with water', 'dip washcloth on the right side into water', 'wring the washcloth', 'wipe each side of face with wet washcloth', 'place first washcloth back on countertop', 'use washcloth on the left side to dry face', 'place second washcloth back on countertop']","generate_until","['The patient is seen performing a series of hand movements, possibly as part of a rehabilitation exercise. They are using their hands to manipulate objects on the counter, such as wiping and placing items in the sink.']","The patient is seen performing a series of hand movements, possibly as part of a rehabilitation exercise. They are using their hands to manipulate objects on the counter, such as wiping and placing items in the sink.","10"
"39","m","1","['remove bread from plastic bag', 'put the bread on plate', 'open margarine pack', 'spread margarine on bread', 'cut bread into four pieces', 'cut off some bread', 'eat a small bite-sized piece of bread']","generate_until","['The patient is seen sitting at a table in a kitchen, wearing a red shirt and black elbow braces. They are using their hands to manipulate objects on the table, including a plate with slices of bread and a small container. The patient appears to be practicing fine motor skills or hand exercises.']","The patient is seen sitting at a table in a kitchen, wearing a red shirt and black elbow braces. They are using their hands to manipulate objects on the table, including a plate with slices of bread and a small container. The patient appears to be practicing fine motor skills or hand exercises.","80"
"40","m","1","['wear glasses', 'return hands to table', 'remove glasses', 'place glasses on table']","generate_until","['The patient is seen sitting at a table in a kitchen, wearing a red shirt and black wrist braces. They are interacting with a pair of glasses placed on the table, adjusting them and examining them closely. The patient appears to be engaged in a task that involves manipulating the glasses, possibly testing their vision or comfort with the glasses.']","The patient is seen sitting at a table in a kitchen, wearing a red shirt and black wrist braces. They are interacting with a pair of glasses placed on the table, adjusting them and examining them closely. The patient appears to be engaged in a task that involves manipulating the glasses, possibly testing their vision or comfort with the glasses.","85"
"41","m","1","['move toilet paper roll from center target to shelf target', 'move toilet paper roll from shelf target back to center', 'move toilet paper roll from center target to shelf target', 'move toilet paper roll from shelf target back to center', 'move toilet paper roll from center target to shelf target', 'move toilet paper roll from shelf target back to center', 'move toilet paper roll from center target to shelf target', 'move toilet paper roll from shelf target back to center', 'move toilet paper roll from center target to shelf target', 'move toilet paper roll from shelf target back to center', 'move toilet paper roll from center target to shelf target', 'move toilet paper roll from shelf target back to center']","generate_until","[""The patient is seen performing a series of movements with their hands, which are equipped with sensors. They interact with a pink cylindrical object placed on the table, moving it around and lifting it slightly off the surface. The patient's actions suggest they are engaged in a rehabilitation or therapy exercise designed to improve hand function and dexterity.""]","The patient is seen performing a series of movements with their hands, which are equipped with sensors. They interact with a pink cylindrical object placed on the table, moving it around and lifting it slightly off the surface. The patient's actions suggest they are engaged in a rehabilitation or therapy exercise designed to improve hand function and dexterity.","95"
"42","m","1","['move toilet paper roll from center target to shelf target', 'move toilet paper roll from shelf target back to center', 'move toilet paper roll from center target to shelf target', 'move toilet paper roll from shelf target back to center', 'move toilet paper roll from center target to shelf target', 'move toilet paper roll from shelf target back to center', 'move toilet paper roll from center target to shelf target', 'move toilet paper roll from shelf target back to center', 'move toilet paper roll from center target to shelf target', 'move toilet paper roll from shelf target back to center', 'move toilet paper roll from center target to shelf target', 'move toilet paper roll from shelf target back to center']","generate_until","['The patient is seen wearing a red shirt and black gloves, performing a series of movements with a pink object. The patient appears to be engaged in a rehabilitation or therapy exercise, possibly focusing on hand and arm movements.']","The patient is seen wearing a red shirt and black gloves, performing a series of movements with a pink object. The patient appears to be engaged in a rehabilitation or therapy exercise, possibly focusing on hand and arm movements.","50"
"43","m","1","['move toilet paper roll from center to outside target', 'move toilet paper roll from outside target back to center', 'move toilet paper roll from center to outside target', 'move toilet paper roll from outside target back to center', 'move toilet paper roll from center to outside target', 'move toilet paper roll from outside target back to center', 'move toilet paper roll from center to outside target', 'move toilet paper roll from outside target back to center', 'move toilet paper roll from center to outside target', 'move toilet paper roll from outside target back to center', 'move toilet paper roll from center to outside target', 'move toilet paper roll from outside target back to center', 'move toilet paper roll from center to outside target', 'move toilet paper roll from outside target back to center', 'move toilet paper roll from center to outside target', 'move toilet paper roll from outside target back to center']","generate_until","['The patient is seen performing a series of hand movements, likely as part of a rehabilitation exercise. They are using a blue object placed on a black mat with red circles, which could be part of a therapy tool designed to improve dexterity and coordination.']","The patient is seen performing a series of hand movements, likely as part of a rehabilitation exercise. They are using a blue object placed on a black mat with red circles, which could be part of a therapy tool designed to improve dexterity and coordination.","65"
"44","m","1","['move toilet paper roll from center to outside target', 'move toilet paper roll from outside target back to center', 'move toilet paper roll from center to outside target', 'move toilet paper roll from outside target back to center', 'move toilet paper roll from center to outside target', 'move toilet paper roll from outside target back to center', 'move toilet paper roll from center to outside target', 'move toilet paper roll from outside target back to center', 'move toilet paper roll from center to outside target', 'move toilet paper roll from outside target back to center', 'move toilet paper roll from center to outside target', 'move toilet paper roll from outside target back to center', 'move toilet paper roll from center to outside target', 'move toilet paper roll from outside target back to center', 'move toilet paper roll from center to outside target', 'move toilet paper roll from outside target back to center']","generate_until","['The patient is seen performing a series of hand movements, likely as part of a rehabilitation exercise. They are using their hands to manipulate a blue object placed on a black mat with red circles, which could be part of a therapy program designed to improve fine motor skills or hand-eye coordination.']","The patient is seen performing a series of hand movements, likely as part of a rehabilitation exercise. They are using their hands to manipulate a blue object placed on a black mat with red circles, which could be part of a therapy program designed to improve fine motor skills or hand-eye coordination.","50"
"45","m","1","['wet toothbrush', 'apply toothpaste to toothbrush', 'replace cap on toothpaste tube', 'brush teeth', 'rinse toothbrush and mouth', 'place toothbrush back on countertop']","generate_until","['The patient is seen standing in front of a sink, holding a toothbrush and a tube of toothpaste. They proceed to apply the toothpaste onto the toothbrush, then rinse their mouth with water from the faucet. After rinsing, they spit out the water and place the toothbrush back on the counter.']","The patient is seen standing in front of a sink, holding a toothbrush and a tube of toothpaste. They proceed to apply the toothpaste onto the toothbrush, then rinse their mouth with water from the faucet. After rinsing, they spit out the water and place the toothbrush back on the counter.","30"
"46","m","1","['pick up comb', 'comb both sides of head']","generate_until","[""The patient is seen sitting at a table with a black mat in front of them, wearing a black t-shirt with the text 'Tiko Disco' on it. They have their hands placed on the mat and appear to be engaged in some form of activity or exercise.""]","The patient is seen sitting at a table with a black mat in front of them, wearing a black t-shirt with the text 'Tiko Disco' on it. They have their hands placed on the mat and appear to be engaged in some form of activity or exercise.","35"
"47","m","1","['remove deodorant cap', 'twist deodorant base a few times', 'apply deodorant', 'replace deodarant cap', 'untwist the deodorant base', 'put deodorant on table']","generate_until","['The patient is seen interacting with a white cylindrical object, possibly a medical device or a piece of equipment. They appear to be demonstrating how to use it, showing different angles and positions. The patient seems focused on the task, indicating they are either practicing or explaining its usage.']","The patient is seen interacting with a white cylindrical object, possibly a medical device or a piece of equipment. They appear to be demonstrating how to use it, showing different angles and positions. The patient seems focused on the task, indicating they are either practicing or explaining its usage.","20"
"48","m","1","['open water bottle', 'pour water into cup', 'take a sip of water', 'place cup on table', 'replace cap on bottle']","generate_until","[""The patient is seen sitting at a table in the kitchen, wearing a black T-shirt with 'TIKI DISCO' written on it. They are holding a water bottle and a cup, and they appear to be engaged in an activity involving these items. The patient is also wearing a wrist brace on their left hand.""]","The patient is seen sitting at a table in the kitchen, wearing a black T-shirt with 'TIKI DISCO' written on it. They are holding a water bottle and a cup, and they appear to be engaged in an activity involving these items. The patient is also wearing a wrist brace on their left hand.","85"
"49","m","1","['fill tub with water', 'dip washcloth on the right side into water', 'wring the washcloth', 'wipe each side of face with wet washcloth', 'place first washcloth back on countertop', 'use washcloth on the left side to dry face', 'place second washcloth back on countertop']","generate_until","['The patient is seen performing a series of hand movements, possibly as part of a rehabilitation exercise. They are using their hands to manipulate a white cloth and a yellow basin, moving the cloth around in the basin and then wiping their hands with it.']","The patient is seen performing a series of hand movements, possibly as part of a rehabilitation exercise. They are using their hands to manipulate a white cloth and a yellow basin, moving the cloth around in the basin and then wiping their hands with it.","10"
"50","m","1","['remove bread from plastic bag', 'put the bread on plate', 'open margarine pack', 'spread margarine on bread', 'cut bread into four pieces', 'cut off some bread', 'eat a small bite-sized piece of bread']","generate_until","['The patient is seen sitting at a table in a kitchen, wearing a black t-shirt and wrist supports. They are using a red-handled knife to cut a piece of bread on a white plate. The patient appears to be practicing their hand movements and knife skills, possibly as part of a rehabilitation exercise.']","The patient is seen sitting at a table in a kitchen, wearing a black t-shirt and wrist supports. They are using a red-handled knife to cut a piece of bread on a white plate. The patient appears to be practicing their hand movements and knife skills, possibly as part of a rehabilitation exercise.","80"
"51","m","1","['wear glasses', 'return hands to table', 'remove glasses', 'place glasses on table']","generate_until","['The patient is seen sitting at a table with a black mat on it. They are wearing a black t-shirt and have their hands placed on the mat. The patient appears to be engaged in an activity that involves moving their hands, possibly following instructions or performing a task.']","The patient is seen sitting at a table with a black mat on it. They are wearing a black t-shirt and have their hands placed on the mat. The patient appears to be engaged in an activity that involves moving their hands, possibly following instructions or performing a task.","25"
"52","m","1","['move toilet paper roll from center target to shelf target', 'move toilet paper roll from shelf target back to center', 'move toilet paper roll from center target to shelf target', 'move toilet paper roll from shelf target back to center', 'move toilet paper roll from center target to shelf target', 'move toilet paper roll from shelf target back to center', 'move toilet paper roll from center target to shelf target', 'move toilet paper roll from shelf target back to center', 'move toilet paper roll from center target to shelf target', 'move toilet paper roll from shelf target back to center', 'move toilet paper roll from center target to shelf target', 'move toilet paper roll from shelf target back to center']","generate_until","['The patient is seen sitting at a table, holding a red cup and interacting with a device on the table.']","The patient is seen sitting at a table, holding a red cup and interacting with a device on the table.","0"